336 W Army Trail Rd.,1
Bloomingdale IL 60108 USA,0
2710 Laporte Ave #100,1
Valparaiso IN 46383 USA,0
531 S Rand Rd,1
Lake Zurich IL 60047 USA,0
2112 N Clybourn Ave,1
Chicago IL 60614 USA,0
7203 W Dempster St,1
Niles IL 60714 USA,0
2839 W 95th St,1
Evergreen Park IL 60805 USA,0
1474 Butterfield Road,1
Mundelein IL 60060 USA,0
4602 N. Harlem Avenue,1
Harwood Heights IL 60706 USA,0
447 N Milwaukee,1
Vernon Hills IL 60061 USA,0
51 Skokie Blvd.,1
Northbrook IL 60062 USA,0
3 Rice Lake Square,1
Wheaton IL 60189 USA,0
197 McHenry Rd,1
Buffalo Grove IL 60089 USA,0
2658 E Main St,1
Plainfield IN 46168 USA,0
2400 E Main St #109,1
Saint Charles IL 60174 USA,0
1630 75th St,1
Downers Grove IL 60516 USA,0
4726 S Scatterfield Rd,1
Anderson IN 46013 USA,0
2950 Route 34,1
Oswego IL 60543 USA,0
10464 Maysville Road,1
Fort Wayne IN 46835 USA,0
4916 Illinois Road,1
Fort Wayne IN 46804 USA,0
1300 Pratt Blvd,1
Elk Grove Village IL 60007 USA,0
4909 E 82nd St,1
Indianapolis IN 46250 USA,0
5725 S La Grange Rd,1
Countryside IL 60525 USA,0
1220 N. Clybourn Avenue,1
Chicago IL 60610 USA,0
134 Indianapolis Boulevard,1
Schererville IN 46375 USA,0
7123 W North Ave,1
Oak Park IL 60302 USA,0
1406 S Rangeline Rd,1
Carmel IN 46032 USA,0
9392 W 159th St.,1
Orland Park IL 60462 USA,0
6409 Grand Avenue,1
Gurnee IL 60031 USA,0
5172 Franklin Street,1
Michigan City IN 46360 USA,0
7570 Barrington Rd.,1
Streamwood IL 60133 USA,0
35 East Golf Road,1
Schaumburg IL 60195 USA,0
1410 West 86th Street,1
Indianapolis IN 46260 USA,0
578 W Northfield Dr,1
Brownsburg IN 46112 USA,0
6000 North Lincoln Avenue,1
Chicago IL 60659 USA,0
1953 N Clybourn Ave A,1
1461 Ellinwood St,0
Des Plaines IL 60016 USA,1
2123 S. Randall Rd #120,0
Geneva IL 60134 USA,1
102 S. Schmale,0
Carol Stream IL 60188 USA,1
4004 W. Roosevelt Rd,0
Hillside IL 60162 USA,1
665 W North Ave,0
Elmhurst IL 60126 USA,1
1044 S Route 59,0
Naperville IL 60540 USA,1
349 E Rand Road,0
Arlington Heights IL 60004 USA,1
201 N State Rd 135,0
Greenwood IL 45142 USA,1
7109 Pingree Road,0
Crystal Lake IL 60014 USA,1
1920 N Richmond Road,0
McHenry IL 60051 USA,1
9340 Skokie Blvd,0
Skokie IL 60077 USA,1
706 W. Diversey Pkwy,0
2901 Plainfield Drive,1
Joliet IL 60435 USA,0
310 North Randall Road,1
South Elgin IL 60177 USA,0
402 Town Center Avenue,1
Matteson IL 60443 USA,0
700 Church Road,1
Evanston IL 60201 USA,0
4801 W Irving Park Road,1
Chicago 60707,0
2401 W Lawrence Ave,1
Chicago IL 60625 USA,0
1806 S Randall Road,1
Algonquin IL 60102 USA,0
4736 S 76th St.,1
Greenfield 53220 USA,0
10427 E US Hwy 36,1
Avon IN 46123 USA,0
605 W. Roosevelt Rd,1
Chicago 60607 USA,0
1755 W. 22nd St Unit B,1
Oakbrook IL 60523 USA,0
Glen Ellyn IL 60137 USA,1
19959 S. LaGrange Rd,0
Frankfort IL 60423 USA,1
732 9th St North,0
Naples FL 34102 USA,1
28811 S Tamiami Trail #11,0
Bonita Springs FL 34134 USA,1
6204 US Hwy 6,0
Portage IN 46368 USA,1
6338 Mills Drive,0
Whitestown IN 46075 USA,1
1087 Ann Arbor Rd,0
Plymouth MI 48170 USA,1
33495 Woodward Ave,0
Birmingham 48009 USA,1
1250 Rochester Rd,0
Rochester MI 48307 USA,1
887 West Eisenhower Pkwy,0
Ann Arbor MI 48103 USA,1
43420 West Oaks Dr,0
Novi MI 48377 USA,1
41913 Ford Rd,0
Canton MI 48187 USA,1
45040 Northpointe Blvd,0
Utica MI 48315 USA,1
7663 26 Mile Rd,0
Washington MI 48094 USA,1
23100 Woodward Ave,0
Ferndale MI 48220 USA,1
272 John R Rd,0
Troy MI 48083 USA,1
4050 East Grand River,0
Howell MI 48843 USA,1
15060 Dix Toledo Rd,0
Southgate MI 48195 USA,1
31851 Gratiot Ave,0
Roseville MI 48066 USA,1
4977 Dixie Hwy,0
Waterford MI 48329 USA,1
51405 Gratiot Ave,0
Chesterfield MI 48051 USA,1
806 S. Main St,0
Lapeer MI 48446 USA,1
19850 Mack Ave,0
Grosse Pointe MI 48236 USA,1
9328 Highland Rd,0
White Lake MI 48386 USA,1
1410 Pine Ridge Rd #7,0
Naples FL 34108 USA,1
5020 95th St,0
Oak Lawn IL 60453 USA,1
6645 Orchard Lake Road,0
West Bloomfield MI 48322 USA,1
